[
  {
    "model": "auth.permission",
    "pk": 1,
    "fields": {
      "name": "Can add log entry",
      "content_type": 1,
      "codename": "add_logentry"
    }
  },
  {
    "model": "auth.permission",
    "pk": 2,
    "fields": {
      "name": "Can change log entry",
      "content_type": 1,
      "codename": "change_logentry"
    }
  },
  {
    "model": "auth.permission",
    "pk": 3,
    "fields": {
      "name": "Can delete log entry",
      "content_type": 1,
      "codename": "delete_logentry"
    }
  },
  {
    "model": "auth.permission",
    "pk": 4,
    "fields": {
      "name": "Can view log entry",
      "content_type": 1,
      "codename": "view_logentry"
    }
  },
  {
    "model": "auth.permission",
    "pk": 5,
    "fields": {
      "name": "Can add permission",
      "content_type": 2,
      "codename": "add_permission"
    }
  },
  {
    "model": "auth.permission",
    "pk": 6,
    "fields": {
      "name": "Can change permission",
      "content_type": 2,
      "codename": "change_permission"
    }
  },
  {
    "model": "auth.permission",
    "pk": 7,
    "fields": {
      "name": "Can delete permission",
      "content_type": 2,
      "codename": "delete_permission"
    }
  },
  {
    "model": "auth.permission",
    "pk": 8,
    "fields": {
      "name": "Can view permission",
      "content_type": 2,
      "codename": "view_permission"
    }
  },
  {
    "model": "auth.permission",
    "pk": 9,
    "fields": {
      "name": "Can add group",
      "content_type": 3,
      "codename": "add_group"
    }
  },
  {
    "model": "auth.permission",
    "pk": 10,
    "fields": {
      "name": "Can change group",
      "content_type": 3,
      "codename": "change_group"
    }
  },
  {
    "model": "auth.permission",
    "pk": 11,
    "fields": {
      "name": "Can delete group",
      "content_type": 3,
      "codename": "delete_group"
    }
  },
  {
    "model": "auth.permission",
    "pk": 12,
    "fields": {
      "name": "Can view group",
      "content_type": 3,
      "codename": "view_group"
    }
  },
  {
    "model": "auth.permission",
    "pk": 13,
    "fields": {
      "name": "Can add user",
      "content_type": 4,
      "codename": "add_user"
    }
  },
  {
    "model": "auth.permission",
    "pk": 14,
    "fields": {
      "name": "Can change user",
      "content_type": 4,
      "codename": "change_user"
    }
  },
  {
    "model": "auth.permission",
    "pk": 15,
    "fields": {
      "name": "Can delete user",
      "content_type": 4,
      "codename": "delete_user"
    }
  },
  {
    "model": "auth.permission",
    "pk": 16,
    "fields": {
      "name": "Can view user",
      "content_type": 4,
      "codename": "view_user"
    }
  },
  {
    "model": "auth.permission",
    "pk": 17,
    "fields": {
      "name": "Can add content type",
      "content_type": 5,
      "codename": "add_contenttype"
    }
  },
  {
    "model": "auth.permission",
    "pk": 18,
    "fields": {
      "name": "Can change content type",
      "content_type": 5,
      "codename": "change_contenttype"
    }
  },
  {
    "model": "auth.permission",
    "pk": 19,
    "fields": {
      "name": "Can delete content type",
      "content_type": 5,
      "codename": "delete_contenttype"
    }
  },
  {
    "model": "auth.permission",
    "pk": 20,
    "fields": {
      "name": "Can view content type",
      "content_type": 5,
      "codename": "view_contenttype"
    }
  },
  {
    "model": "auth.permission",
    "pk": 21,
    "fields": {
      "name": "Can add session",
      "content_type": 6,
      "codename": "add_session"
    }
  },
  {
    "model": "auth.permission",
    "pk": 22,
    "fields": {
      "name": "Can change session",
      "content_type": 6,
      "codename": "change_session"
    }
  },
  {
    "model": "auth.permission",
    "pk": 23,
    "fields": {
      "name": "Can delete session",
      "content_type": 6,
      "codename": "delete_session"
    }
  },
  {
    "model": "auth.permission",
    "pk": 24,
    "fields": {
      "name": "Can view session",
      "content_type": 6,
      "codename": "view_session"
    }
  },
  {
    "model": "auth.permission",
    "pk": 25,
    "fields": {
      "name": "Can add chat thread",
      "content_type": 7,
      "codename": "add_chatthread"
    }
  },
  {
    "model": "auth.permission",
    "pk": 26,
    "fields": {
      "name": "Can change chat thread",
      "content_type": 7,
      "codename": "change_chatthread"
    }
  },
  {
    "model": "auth.permission",
    "pk": 27,
    "fields": {
      "name": "Can delete chat thread",
      "content_type": 7,
      "codename": "delete_chatthread"
    }
  },
  {
    "model": "auth.permission",
    "pk": 28,
    "fields": {
      "name": "Can view chat thread",
      "content_type": 7,
      "codename": "view_chatthread"
    }
  },
  {
    "model": "auth.permission",
    "pk": 29,
    "fields": {
      "name": "Can add chat message",
      "content_type": 8,
      "codename": "add_chatmessage"
    }
  },
  {
    "model": "auth.permission",
    "pk": 30,
    "fields": {
      "name": "Can change chat message",
      "content_type": 8,
      "codename": "change_chatmessage"
    }
  },
  {
    "model": "auth.permission",
    "pk": 31,
    "fields": {
      "name": "Can delete chat message",
      "content_type": 8,
      "codename": "delete_chatmessage"
    }
  },
  {
    "model": "auth.permission",
    "pk": 32,
    "fields": {
      "name": "Can view chat message",
      "content_type": 8,
      "codename": "view_chatmessage"
    }
  },
  {
    "model": "auth.user",
    "pk": 1,
    "fields": {
      "password": "pbkdf2_sha256$870000$4uL9MqLH0cUMHo7bY77a5k$Kh6OKLbFzbUKnRP+pMNcEjZcDmTChZu8WJN/bq+vZuk=",
      "last_login": "2025-02-14T12:05:40.700Z",
      "is_superuser": true,
      "username": "admin",
      "first_name": "",
      "last_name": "",
      "email": "admin@admin.com",
      "is_staff": true,
      "is_active": true,
      "date_joined": "2025-02-14T12:05:23.073Z",
      "groups": [],
      "user_permissions": []
    }
  },
  {
    "model": "auth.user",
    "pk": 2,
    "fields": {
      "password": "pbkdf2_sha256$870000$M1TACLUwc0Pwzz0QLshC4s$BPsyUJg01TUpYvtXqabb3BhQYqX89Sq8cUMhGs1/gZM=",
      "last_login": null,
      "is_superuser": false,
      "username": "martintimothy",
      "first_name": "",
      "last_name": "",
      "email": "fraziermark@example.org",
      "is_staff": false,
      "is_active": true,
      "date_joined": "2025-02-14T12:19:06.759Z",
      "groups": [],
      "user_permissions": []
    }
  },
  {
    "model": "auth.user",
    "pk": 3,
    "fields": {
      "password": "pbkdf2_sha256$870000$eYhj9Bo6x1CrIB6siQ8xLm$nyePRJqXedwZCcp0mXSIN7j/p08uXVPclQumSLFht14=",
      "last_login": null,
      "is_superuser": false,
      "username": "rowekenneth",
      "first_name": "",
      "last_name": "",
      "email": "julie65@example.com",
      "is_staff": false,
      "is_active": true,
      "date_joined": "2025-02-14T12:19:07.279Z",
      "groups": [],
      "user_permissions": []
    }
  },
  {
    "model": "auth.user",
    "pk": 4,
    "fields": {
      "password": "pbkdf2_sha256$870000$uoWtwGROLrQKnrJaWrET5b$MhKhV4Mt7OCWPx+q4rqcbPfVVGQbgmuKa08KoFuAAD4=",
      "last_login": null,
      "is_superuser": false,
      "username": "johnmoore",
      "first_name": "",
      "last_name": "",
      "email": "amy83@example.org",
      "is_staff": false,
      "is_active": true,
      "date_joined": "2025-02-14T12:19:07.857Z",
      "groups": [],
      "user_permissions": []
    }
  },
  {
    "model": "auth.user",
    "pk": 5,
    "fields": {
      "password": "pbkdf2_sha256$870000$9pweJoWy5pTw1ASAyTaVwa$B5DfwY6ZBgwVP47IJWzFaYAtGB64md73nkHDFZ7w4YQ=",
      "last_login": null,
      "is_superuser": false,
      "username": "terrimorgan",
      "first_name": "",
      "last_name": "",
      "email": "cherylgarza@example.com",
      "is_staff": false,
      "is_active": true,
      "date_joined": "2025-02-14T12:19:08.437Z",
      "groups": [],
      "user_permissions": []
    }
  },
  {
    "model": "auth.user",
    "pk": 6,
    "fields": {
      "password": "pbkdf2_sha256$870000$WTEGxKpDAdv3tb5W2C0uwc$5PWP1DCk2kj/l2Yr3SvGF5kW3y+/7WCRdOEkWE/tddw=",
      "last_login": null,
      "is_superuser": false,
      "username": "iherrera",
      "first_name": "",
      "last_name": "",
      "email": "theresa27@example.org",
      "is_staff": false,
      "is_active": true,
      "date_joined": "2025-02-14T12:19:09.008Z",
      "groups": [],
      "user_permissions": []
    }
  },
  {
    "model": "auth.user",
    "pk": 7,
    "fields": {
      "password": "pbkdf2_sha256$870000$XOJyC0wBeeb4QOleEueVIg$3LSjgId1hf9+wDpMtLXV3X044blkKMfQZR9Mxj8jZ/w=",
      "last_login": null,
      "is_superuser": false,
      "username": "estradadonna",
      "first_name": "",
      "last_name": "",
      "email": "mariathompson@example.org",
      "is_staff": false,
      "is_active": true,
      "date_joined": "2025-02-14T12:19:29.030Z",
      "groups": [],
      "user_permissions": []
    }
  },
  {
    "model": "auth.user",
    "pk": 8,
    "fields": {
      "password": "pbkdf2_sha256$870000$Kqs2m7dhy331KJ8PT7lJej$6nu26taYliP2iSG1bQifDhBBcVQWNWIeP2JHUJGhmkA=",
      "last_login": null,
      "is_superuser": false,
      "username": "privera",
      "first_name": "",
      "last_name": "",
      "email": "sarah67@example.org",
      "is_staff": false,
      "is_active": true,
      "date_joined": "2025-02-14T12:19:29.542Z",
      "groups": [],
      "user_permissions": []
    }
  },
  {
    "model": "auth.user",
    "pk": 9,
    "fields": {
      "password": "pbkdf2_sha256$870000$MWovVIUBbfdQaN5CGz4Uxk$3UwrRs1CxxQljZBb0Bczxq4KdknLxJ43cHWMF8jr7dg=",
      "last_login": null,
      "is_superuser": false,
      "username": "vbrewer",
      "first_name": "",
      "last_name": "",
      "email": "vromero@example.net",
      "is_staff": false,
      "is_active": true,
      "date_joined": "2025-02-14T12:19:30.092Z",
      "groups": [],
      "user_permissions": []
    }
  },
  {
    "model": "auth.user",
    "pk": 10,
    "fields": {
      "password": "pbkdf2_sha256$870000$AXs4crymRD1P9BlxWrI5Kw$T3NAJA0yIzceEE+eFl2wu49KuIFzya/pGEIBJZKsd5E=",
      "last_login": null,
      "is_superuser": false,
      "username": "crossmichael",
      "first_name": "",
      "last_name": "",
      "email": "porterwilliam@example.org",
      "is_staff": false,
      "is_active": true,
      "date_joined": "2025-02-14T12:19:30.624Z",
      "groups": [],
      "user_permissions": []
    }
  },
  {
    "model": "auth.user",
    "pk": 11,
    "fields": {
      "password": "pbkdf2_sha256$870000$q9JTww4L1sHKsFdMRHm6mc$gDP4WzU/pERiMGT5TTLCqDA1KIA1KIUSjHNC9SsWbKk=",
      "last_login": null,
      "is_superuser": false,
      "username": "jeffreybrown",
      "first_name": "",
      "last_name": "",
      "email": "racheldavis@example.com",
      "is_staff": false,
      "is_active": true,
      "date_joined": "2025-02-14T12:19:31.177Z",
      "groups": [],
      "user_permissions": []
    }
  },
  {
    "model": "auth.user",
    "pk": 12,
    "fields": {
      "password": "pbkdf2_sha256$870000$cs4oLgzNjdMNqLRTi77ivx$8AKYHlghdm9xLfrbsd2srHJoFq9Q0ntp4/8dkXOgUtM=",
      "last_login": null,
      "is_superuser": false,
      "username": "eric49",
      "first_name": "",
      "last_name": "",
      "email": "april56@example.net",
      "is_staff": false,
      "is_active": true,
      "date_joined": "2025-02-14T12:22:34.434Z",
      "groups": [],
      "user_permissions": []
    }
  },
  {
    "model": "auth.user",
    "pk": 13,
    "fields": {
      "password": "pbkdf2_sha256$870000$yo71ZUPVCIT2H1mCOEWZ3L$8WeI1PrSOCPL1Bbse1PkY0BUfNt5qiRwklO4Ztj/d90=",
      "last_login": null,
      "is_superuser": false,
      "username": "roconnor",
      "first_name": "",
      "last_name": "",
      "email": "htorres@example.net",
      "is_staff": false,
      "is_active": true,
      "date_joined": "2025-02-14T12:22:34.904Z",
      "groups": [],
      "user_permissions": []
    }
  },
  {
    "model": "auth.user",
    "pk": 14,
    "fields": {
      "password": "pbkdf2_sha256$870000$iGLUqFi43QzNo5x9BvlI7M$joYxgv9wOM+Vwu9Ao3e+iNpKAC3L5dwFgqgVTJvqli4=",
      "last_login": null,
      "is_superuser": false,
      "username": "ohouston",
      "first_name": "",
      "last_name": "",
      "email": "alexduncan@example.com",
      "is_staff": false,
      "is_active": true,
      "date_joined": "2025-02-14T12:22:35.445Z",
      "groups": [],
      "user_permissions": []
    }
  },
  {
    "model": "auth.user",
    "pk": 15,
    "fields": {
      "password": "pbkdf2_sha256$870000$m25rnVzr6EpJUYEOBhcBwi$VfMx6SZvNOmsXPb7pfyG3fAA+//zGYFK0UTD8RDBIV4=",
      "last_login": null,
      "is_superuser": false,
      "username": "sweeneystephen",
      "first_name": "",
      "last_name": "",
      "email": "buchanantimothy@example.com",
      "is_staff": false,
      "is_active": true,
      "date_joined": "2025-02-14T12:22:35.977Z",
      "groups": [],
      "user_permissions": []
    }
  },
  {
    "model": "auth.user",
    "pk": 16,
    "fields": {
      "password": "pbkdf2_sha256$870000$ei0lbn3T0ySex3VXjkLOUx$08VadhZD3P7d3LoBRroHnZpR+nsd8bNo92W9IWZ0bw0=",
      "last_login": null,
      "is_superuser": false,
      "username": "birdstephen",
      "first_name": "",
      "last_name": "",
      "email": "gerald02@example.com",
      "is_staff": false,
      "is_active": true,
      "date_joined": "2025-02-14T12:22:36.521Z",
      "groups": [],
      "user_permissions": []
    }
  },
  {
    "model": "auth.user",
    "pk": 17,
    "fields": {
      "password": "pbkdf2_sha256$870000$HuKeakMdoudaIsvDjwXon0$O1WxtW64OWA1nFTeiw53ZAupFaoab3wiO4R6jidgVM8=",
      "last_login": null,
      "is_superuser": false,
      "username": "jacoblozano",
      "first_name": "",
      "last_name": "",
      "email": "amberlewis@example.com",
      "is_staff": false,
      "is_active": true,
      "date_joined": "2025-02-14T12:22:50.730Z",
      "groups": [],
      "user_permissions": []
    }
  },
  {
    "model": "auth.user",
    "pk": 18,
    "fields": {
      "password": "pbkdf2_sha256$870000$4IpgqFOddqm0Fj1wxNfzkD$foBetLw3CmjuWUtD5FD0rf1loHQeDrB1ZxsDYK4ow2A=",
      "last_login": null,
      "is_superuser": false,
      "username": "ryanmartin",
      "first_name": "",
      "last_name": "",
      "email": "nelsonjustin@example.net",
      "is_staff": false,
      "is_active": true,
      "date_joined": "2025-02-14T12:22:51.203Z",
      "groups": [],
      "user_permissions": []
    }
  },
  {
    "model": "auth.user",
    "pk": 19,
    "fields": {
      "password": "pbkdf2_sha256$870000$M6U0qbyCuTOZv3YdDnEKlb$5fCYPJCxpv8sGMHPTr9w6Qo58EtD6fXkIFpW2DdG7eY=",
      "last_login": null,
      "is_superuser": false,
      "username": "megan35",
      "first_name": "",
      "last_name": "",
      "email": "jackson45@example.com",
      "is_staff": false,
      "is_active": true,
      "date_joined": "2025-02-14T12:22:51.762Z",
      "groups": [],
      "user_permissions": []
    }
  },
  {
    "model": "auth.user",
    "pk": 20,
    "fields": {
      "password": "pbkdf2_sha256$870000$GDA6HiTtfdYt6LsaWgyFxN$P9hkX32BeBOonlUoP+RaVR3Og+tJcB20KSs54SLrbFU=",
      "last_login": null,
      "is_superuser": false,
      "username": "robertross",
      "first_name": "",
      "last_name": "",
      "email": "laurafitzgerald@example.net",
      "is_staff": false,
      "is_active": true,
      "date_joined": "2025-02-14T12:22:52.317Z",
      "groups": [],
      "user_permissions": []
    }
  },
  {
    "model": "auth.user",
    "pk": 21,
    "fields": {
      "password": "pbkdf2_sha256$870000$wV98Jra5P2fDqDCUUT5XHs$EVmOz5Xv/ul+I/9F6ywiJSWXs5ecA5Y5CjqjZw1ZUSM=",
      "last_login": null,
      "is_superuser": false,
      "username": "torresaudrey",
      "first_name": "",
      "last_name": "",
      "email": "batesstephanie@example.org",
      "is_staff": false,
      "is_active": true,
      "date_joined": "2025-02-14T12:22:52.879Z",
      "groups": [],
      "user_permissions": []
    }
  },
  {
    "model": "auth.user",
    "pk": 22,
    "fields": {
      "password": "pbkdf2_sha256$870000$uxi266Aqenoi0Z9r3sf5RH$B6e+yAMgtR6OoazTJ1JMlZFvfN51EkdwG8tBj4pDZKU=",
      "last_login": null,
      "is_superuser": false,
      "username": "dlee",
      "first_name": "",
      "last_name": "",
      "email": "smithjeremy@example.com",
      "is_staff": false,
      "is_active": true,
      "date_joined": "2025-02-14T12:23:59.590Z",
      "groups": [],
      "user_permissions": []
    }
  },
  {
    "model": "auth.user",
    "pk": 23,
    "fields": {
      "password": "pbkdf2_sha256$870000$Mx0ht7Z9uYhhWWqycvN8tZ$0GSRuzTV6FU1k6c6BCWKdyoSXQnfD3nVQ6LDjNiIYhA=",
      "last_login": null,
      "is_superuser": false,
      "username": "malexander",
      "first_name": "",
      "last_name": "",
      "email": "hubbardlisa@example.com",
      "is_staff": false,
      "is_active": true,
      "date_joined": "2025-02-14T12:24:00.125Z",
      "groups": [],
      "user_permissions": []
    }
  },
  {
    "model": "auth.user",
    "pk": 24,
    "fields": {
      "password": "pbkdf2_sha256$870000$nqMWEgaclXMfIIUNurcKAG$0Nq9NNmfx7gN1z2uIq23a5I931P4J22XwcfknJWUqcU=",
      "last_login": null,
      "is_superuser": false,
      "username": "jessicavincent",
      "first_name": "",
      "last_name": "",
      "email": "johnsonaudrey@example.org",
      "is_staff": false,
      "is_active": true,
      "date_joined": "2025-02-14T12:24:00.673Z",
      "groups": [],
      "user_permissions": []
    }
  },
  {
    "model": "auth.user",
    "pk": 25,
    "fields": {
      "password": "pbkdf2_sha256$870000$EScUGWAGZ6Hj5WtYdvbZQm$Vm1Dc1V6SWgOo+PjzwcYjYnZMfBVHZRdOcFF0hsInzs=",
      "last_login": null,
      "is_superuser": false,
      "username": "erikbruce",
      "first_name": "",
      "last_name": "",
      "email": "johnsondiana@example.net",
      "is_staff": false,
      "is_active": true,
      "date_joined": "2025-02-14T12:24:01.216Z",
      "groups": [],
      "user_permissions": []
    }
  },
  {
    "model": "auth.user",
    "pk": 26,
    "fields": {
      "password": "pbkdf2_sha256$870000$f9snMmGNdeaWIfJKzkQaBH$rpvhNG4VJVx/jBhSZ1zndEtYb7gHzEiUdF3rJYqN/Pc=",
      "last_login": null,
      "is_superuser": false,
      "username": "hjohnston",
      "first_name": "",
      "last_name": "",
      "email": "michaelriddle@example.com",
      "is_staff": false,
      "is_active": true,
      "date_joined": "2025-02-14T12:24:01.767Z",
      "groups": [],
      "user_permissions": []
    }
  },
  {
    "model": "contenttypes.contenttype",
    "pk": 1,
    "fields": {
      "app_label": "admin",
      "model": "logentry"
    }
  },
  {
    "model": "contenttypes.contenttype",
    "pk": 2,
    "fields": {
      "app_label": "auth",
      "model": "permission"
    }
  },
  {
    "model": "contenttypes.contenttype",
    "pk": 3,
    "fields": {
      "app_label": "auth",
      "model": "group"
    }
  },
  {
    "model": "contenttypes.contenttype",
    "pk": 4,
    "fields": {
      "app_label": "auth",
      "model": "user"
    }
  },
  {
    "model": "contenttypes.contenttype",
    "pk": 5,
    "fields": {
      "app_label": "contenttypes",
      "model": "contenttype"
    }
  },
  {
    "model": "contenttypes.contenttype",
    "pk": 6,
    "fields": {
      "app_label": "sessions",
      "model": "session"
    }
  },
  {
    "model": "contenttypes.contenttype",
    "pk": 7,
    "fields": {
      "app_label": "chat",
      "model": "chatthread"
    }
  },
  {
    "model": "contenttypes.contenttype",
    "pk": 8,
    "fields": {
      "app_label": "chat",
      "model": "chatmessage"
    }
  },
  {
    "model": "sessions.session",
    "pk": "zgs6io7t4kw6vu8ki16ojovtnbo38frk",
    "fields": {
      "session_data": ".eJxVjDsOwjAQRO_iGlm248-akj5nsNbrNQ6gRMqnQtydREoBzRTz3sxbJNzWlraF5zQUcRVaXH67jPTk8QDlgeN9kjSN6zxkeSjypIvsp8Kv2-n-HTRc2r4m50OJymtfgahjUBD24BqM45wrxWKtBRMtKETTUTDKAbIuSgEHIz5f3Uk3gA:1tiuRw:9y321JxrQTSxem6ZtCc0egVTz5QL-t2IvpXlwi_VTLc",
      "expire_date": "2025-02-28T12:05:40.706Z"
    }
  },
  {
    "model": "chat.chatthread",
    "pk": 1,
    "fields": {
      "created": "2025-02-14T12:24:02.318Z",
      "updated": "2025-02-14T12:24:02.318Z",
      "participants": [
        22,
        23
      ]
    }
  },
  {
    "model": "chat.chatthread",
    "pk": 2,
    "fields": {
      "created": "2025-02-14T12:24:02.337Z",
      "updated": "2025-02-14T12:24:02.337Z",
      "participants": [
        23,
        24
      ]
    }
  },
  {
    "model": "chat.chatthread",
    "pk": 3,
    "fields": {
      "created": "2025-02-14T12:24:02.352Z",
      "updated": "2025-02-14T12:24:02.352Z",
      "participants": [
        24,
        25
      ]
    }
  },
  {
    "model": "chat.chatthread",
    "pk": 4,
    "fields": {
      "created": "2025-02-14T12:24:02.373Z",
      "updated": "2025-02-14T12:24:02.373Z",
      "participants": [
        25,
        26
      ]
    }
  },
  {
    "model": "chat.chatthread",
    "pk": 6,
    "fields": {
      "created": "2025-02-14T12:36:24.683Z",
      "updated": "2025-02-14T12:36:24.683Z",
      "participants": [
        1,
        2
      ]
    }
  },
  {
    "model": "chat.chatmessage",
    "pk": 1,
    "fields": {
      "thread": 1,
      "sender": 22,
      "text": "Another fall movement. Keep late make change up poor at. Trial someone someone ask skin.\nEvidence someone then or. Sit sister hotel.\nMarket soon wonder particularly six. Bag fact nice.",
      "created": "2025-02-14T12:24:02.392Z",
      "is_read": false
    }
  },
  {
    "model": "chat.chatmessage",
    "pk": 2,
    "fields": {
      "thread": 1,
      "sender": 22,
      "text": "Man effect hear hour while price. Morning yes rule campaign today. Animal despite kitchen scene decision television drop.",
      "created": "2025-02-14T12:24:02.400Z",
      "is_read": false
    }
  },
  {
    "model": "chat.chatmessage",
    "pk": 3,
    "fields": {
      "thread": 1,
      "sender": 22,
      "text": "Side impact management although. Suggest there sing boy. Fine main oil continue rather dream store.",
      "created": "2025-02-14T12:24:02.409Z",
      "is_read": false
    }
  },
  {
    "model": "chat.chatmessage",
    "pk": 4,
    "fields": {
      "thread": 1,
      "sender": 22,
      "text": "This pay different thing nearly set. The form hard cut organization close.",
      "created": "2025-02-14T12:24:02.419Z",
      "is_read": false
    }
  },
  {
    "model": "chat.chatmessage",
    "pk": 5,
    "fields": {
      "thread": 1,
      "sender": 22,
      "text": "Seek ok our church article near key.\nInformation tree here yourself. Production beat base.",
      "created": "2025-02-14T12:24:02.428Z",
      "is_read": false
    }
  },
  {
    "model": "chat.chatmessage",
    "pk": 6,
    "fields": {
      "thread": 2,
      "sender": 23,
      "text": "Reality about level decade join use budget. Model miss develop international position mother. Thought someone drop wide bill.",
      "created": "2025-02-14T12:24:02.438Z",
      "is_read": false
    }
  },
  {
    "model": "chat.chatmessage",
    "pk": 7,
    "fields": {
      "thread": 2,
      "sender": 23,
      "text": "Bring some local third. Service mean top write.\nExpert sign book perhaps alone. Hold prove fast so. Executive type discover.",
      "created": "2025-02-14T12:24:02.449Z",
      "is_read": true
    }
  },
  {
    "model": "chat.chatmessage",
    "pk": 8,
    "fields": {
      "thread": 2,
      "sender": 23,
      "text": "Look plant else. Name would anyone single seek fall. Worry mission interesting relationship.",
      "created": "2025-02-14T12:24:02.457Z",
      "is_read": false
    }
  },
  {
    "model": "chat.chatmessage",
    "pk": 9,
    "fields": {
      "thread": 2,
      "sender": 23,
      "text": "Exactly then pay yard environmental alone. Usually sound charge yes focus.\nEvening management Democrat soldier participant hair. Important debate worker out he away.",
      "created": "2025-02-14T12:24:02.464Z",
      "is_read": true
    }
  },
  {
    "model": "chat.chatmessage",
    "pk": 10,
    "fields": {
      "thread": 2,
      "sender": 23,
      "text": "Land eye its out current seat media. On change simple plan vote. Message seem energy.",
      "created": "2025-02-14T12:24:02.473Z",
      "is_read": true
    }
  },
  {
    "model": "chat.chatmessage",
    "pk": 11,
    "fields": {
      "thread": 3,
      "sender": 24,
      "text": "Blood spend another at hair air.\nWorld glass vote he. Writer people carry own particular tree.\nRather life number rise pass material go. Election card commercial back interest find yourself.",
      "created": "2025-02-14T12:24:02.484Z",
      "is_read": false
    }
  },
  {
    "model": "chat.chatmessage",
    "pk": 12,
    "fields": {
      "thread": 3,
      "sender": 24,
      "text": "Strong better military there above him star cut. Force although leg safe third without provide.",
      "created": "2025-02-14T12:24:02.495Z",
      "is_read": false
    }
  },
  {
    "model": "chat.chatmessage",
    "pk": 13,
    "fields": {
      "thread": 3,
      "sender": 24,
      "text": "Share office price.\nStay participant feel include. Drug business step talk.\nEarly act child. Type himself suffer actually beautiful and. Prepare three hand task.",
      "created": "2025-02-14T12:24:02.505Z",
      "is_read": true
    }
  },
  {
    "model": "chat.chatmessage",
    "pk": 14,
    "fields": {
      "thread": 3,
      "sender": 24,
      "text": "Serve pressure score Mrs agree add particular.\nRealize protect south again my three. Hour buy company offer.",
      "created": "2025-02-14T12:24:02.513Z",
      "is_read": false
    }
  },
  {
    "model": "chat.chatmessage",
    "pk": 15,
    "fields": {
      "thread": 3,
      "sender": 24,
      "text": "Land value offer try again. Cut chance feeling help answer city let. Politics research it star same.\nFall attack down compare baby keep will draw. Store mind make. Develop challenge see.",
      "created": "2025-02-14T12:24:02.521Z",
      "is_read": false
    }
  },
  {
    "model": "chat.chatmessage",
    "pk": 16,
    "fields": {
      "thread": 4,
      "sender": 25,
      "text": "Everything agree any north need help. Popular level line main respond reflect.\nWorry treatment several life base decision six. Management who beat blood size.",
      "created": "2025-02-14T12:24:02.529Z",
      "is_read": false
    }
  },
  {
    "model": "chat.chatmessage",
    "pk": 17,
    "fields": {
      "thread": 4,
      "sender": 25,
      "text": "Near life change spring kitchen might laugh. From truth establish share try not.\nFloor so across catch rather worker soon. Guy administration follow travel.",
      "created": "2025-02-14T12:24:02.539Z",
      "is_read": false
    }
  },
  {
    "model": "chat.chatmessage",
    "pk": 18,
    "fields": {
      "thread": 4,
      "sender": 25,
      "text": "Early idea light serious. Individual forward together all culture up experience your. Stuff ahead detail particular side one.",
      "created": "2025-02-14T12:24:02.549Z",
      "is_read": false
    }
  },
  {
    "model": "chat.chatmessage",
    "pk": 19,
    "fields": {
      "thread": 4,
      "sender": 25,
      "text": "Soon measure media bank bank score several will. Prepare nice father story. Almost follow artist service summer.",
      "created": "2025-02-14T12:24:02.560Z",
      "is_read": false
    }
  },
  {
    "model": "chat.chatmessage",
    "pk": 20,
    "fields": {
      "thread": 4,
      "sender": 25,
      "text": "Television civil rest man. Decade soldier whether serve spend education. Final although easy affect everyone model.",
      "created": "2025-02-14T12:24:02.569Z",
      "is_read": false
    }
  },
  {
    "model": "chat.chatmessage",
    "pk": 21,
    "fields": {
      "thread": 6,
      "sender": 1,
      "text": "Hello, this is a message",
      "created": "2025-02-14T12:40:51.586Z",
      "is_read": false
    }
  },
  {
    "model": "chat.chatmessage",
    "pk": 22,
    "fields": {
      "thread": 6,
      "sender": 1,
      "text": "Hello, this is a message",
      "created": "2025-02-14T12:42:11.310Z",
      "is_read": false
    }
  },
  {
    "model": "chat.chatmessage",
    "pk": 23,
    "fields": {
      "thread": 6,
      "sender": 1,
      "text": "Hello from user1",
      "created": "2025-02-14T12:48:40.472Z",
      "is_read": false
    }
  },
  {
    "model": "chat.chatmessage",
    "pk": 24,
    "fields": {
      "thread": 6,
      "sender": 2,
      "text": "Hi from user2",
      "created": "2025-02-14T12:48:40.479Z",
      "is_read": false
    }
  },
  {
    "model": "chat.chatmessage",
    "pk": 25,
    "fields": {
      "thread": 6,
      "sender": 1,
      "text": "How are you?",
      "created": "2025-02-14T12:48:40.485Z",
      "is_read": false
    }
  },
  {
    "model": "chat.chatmessage",
    "pk": 26,
    "fields": {
      "thread": 6,
      "sender": 2,
      "text": "I'm fine, thanks!",
      "created": "2025-02-14T12:48:40.490Z",
      "is_read": false
    }
  }
]